id	conversation_id	created_at	date	time	timezone	user_id	username	name	place	tweet	language	mentions	urls	photos	replies_count	retweets_count	likes_count	hashtags	cashtags	link	retweet	quote_url	video	thumbnail	near	geo	source	user_rt_id	user_rt	retweet_id	reply_to	retweet_date	translate	trans_src	trans_dest
1511746447800160260	1511746447800160260	2022-04-06 09:43:34 PDT	2022-04-06	09:43:34	-0700	768896358631608321	somatic_exp_int	Somatic_Exp		. Click the link following link:  https://t.co/OLfDkGWHYN to hear our SE Community Conversation on the topic.  #SomaticExperiencing #somaticexperiencinginternational #neurobiology #traumahealing  #traumarecovery #nervoussystem #mentalhealth #APHA #nphw2022 #publichealth  https://t.co/apKlBCSAkW	en	[]	['https://www.youtube.com/watch?v=GGNifbUelf8']	['https://pbs.twimg.com/media/FPrNYf9WYAAlfPY.jpg', 'https://pbs.twimg.com/media/FPrNYfeXIAAqmIk.jpg', 'https://pbs.twimg.com/media/FPrNYgyWYAQxbDP.jpg', 'https://pbs.twimg.com/media/FPrNYhNXMAAod90.jpg']	0	0	3	['somaticexperiencing', 'somaticexperiencinginternational', 'neurobiology', 'traumahealing', 'traumarecovery', 'nervoussystem', 'mentalhealth', 'apha', 'nphw2022', 'publichealth']	[]	https://twitter.com/Somatic_Exp_Int/status/1511746447800160260	False		1	https://pbs.twimg.com/media/FPrNYf9WYAAlfPY.jpg							[]				
1511592087980068864	1511592087980068864	2022-04-05 23:30:12 PDT	2022-04-05	23:30:12	-0700	1324948009	dwih_newdelhi	DWIH New Delhi		Looking for a project for your #research in #bioinformatics, analytical #chemistry, #entomology, #neurobiology, #molecularbiology &amp; more? @MPI_CE is offering 6 #PhD positions &amp; 11 projects beginning Sept 2022. Apply until May 6 2022-  https://t.co/I720LOXMSK  https://t.co/g2WPty6fnV	en	[{'screen_name': 'mpi_ce', 'name': 'max planck institute for chemical ecology', 'id': '1087711595311042560'}]	['http://bit.ly/3NOdLig']	['https://pbs.twimg.com/media/FPpA_ghXwAEHaAS.jpg']	0	5	6	['research', 'bioinformatics', 'chemistry', 'entomology', 'neurobiology', 'molecularbiology', 'phd']	[]	https://twitter.com/DWIH_NewDelhi/status/1511592087980068864	False		1	https://pbs.twimg.com/media/FPpA_ghXwAEHaAS.jpg							[]				
1511591086577238016	1511591086577238016	2022-04-05 23:26:13 PDT	2022-04-05	23:26:13	-0700	1127986998411706368	probiologist	ProBiologists		"""Commentary on #adrenarche and middle childhood"" by Dr. Benjamin Campbell  et al .from UW-Milwaukee @UWM Published in Journal of #Neurobiology and Physiology. read more by :  https://t.co/8PAGSHKHOo"	en	[{'screen_name': 'uwm', 'name': 'uw-milwaukee', 'id': '15680246'}]	['https://doi.org/10.46439/neurobiology.3.015']	[]	0	0	0	['adrenarche', 'neurobiology']	[]	https://twitter.com/ProBiologist/status/1511591086577238016	False		0								[]				
1511396750048722945	1511396750048722945	2022-04-05 10:34:00 PDT	2022-04-05	10:34:00	-0700	15019659	cedarbaypsych	Barbara Smith		Adults need play too! #adults #play #mentalhealh #wellness #neurobiology  https://t.co/HqImjbTH5h	en	[]	['https://www.helpguide.org/articles/mental-health/benefits-of-play-for-adults.htm']	[]	0	0	0	['adults', 'play', 'mentalhealh', 'wellness', 'neurobiology']	[]	https://twitter.com/CedarBayPsych/status/1511396750048722945	False		0								[]				
1511390291718250504	1511390291718250504	2022-04-05 10:08:20 PDT	2022-04-05	10:08:20	-0700	30064358	keystonesymp	Keystone Symposia		It's the last day for DISCOUNTED early registration to joint meetings on #Neurodegeneration &amp; #Neuroimmune interactions. Discount deadline April 5   Meet with field leaders to explore #neurobiology &amp; #immunity with insight into novel treatment strategies.  https://t.co/j5lkRjWy8D  https://t.co/InLZ4xmubB	en	[]	['https://hubs.la/Q017rdK20']	['https://pbs.twimg.com/media/FPmJdhNWUAMVxWs.jpg']	0	1	1	['neurodegeneration', 'neuroimmune', 'neurobiology', 'immunity']	[]	https://twitter.com/KeystoneSymp/status/1511390291718250504	False		1	https://pbs.twimg.com/media/FPmJdhNWUAMVxWs.jpg							[]				
1511362654253813760	1511362654253813760	2022-04-05 08:18:31 PDT	2022-04-05	08:18:31	-0700	768896358631608321	somatic_exp_int	Somatic_Exp		 https://t.co/lqHBPfjDLl   Full article:  https://t.co/zVBDGtirj6   #SomaticExperiencing #somaticexperiencinginternational #neurobiology  #somatics #healthcare #psychology #traumahealing #trauma #traumainformed #traumarecovery #healingtrauma #nervoussystem #newsletter #articles  https://t.co/mEsx0QVwaA	en	[]	['https://traumahealing.org/SEIMailingList', 'https://traumahealing.org/4422SEToday']	['https://pbs.twimg.com/media/FPlwUrVWUAQWKEP.jpg']	0	0	1	['somaticexperiencing', 'somaticexperiencinginternational', 'neurobiology', 'somatics', 'healthcare', 'psychology', 'traumahealing', 'trauma', 'traumainformed', 'traumarecovery', 'healingtrauma', 'nervoussystem', 'newsletter', 'articles']	[]	https://twitter.com/Somatic_Exp_Int/status/1511362654253813760	False		1	https://pbs.twimg.com/media/FPlwUrVWUAQWKEP.jpg							[]				
1511322783275438087	1511322783275438087	2022-04-05 05:40:05 PDT	2022-04-05	05:40:05	-0700	19256096	facultyopinions	Faculty Opinions		‚ÄúThe enigmatic #enteric nervous system‚Äù: Section Head Nikhil Thapar @WCCNR et al. take a look at recent advances in our understanding of its complex and varied interactions in this #FacultyReview. #gastrointestine #neurobiology #OpenAccess  https://t.co/P8ktgnEZkn  https://t.co/XQWO5zZtef	en	[{'screen_name': 'wccnr', 'name': 'woolworths centre for childhood nutrition research', 'id': '1391934144188338177'}]	['https://facultyopinions.com/prime/reports/b/11/7/']	['https://pbs.twimg.com/media/FPlMD6uWUAkGi_n.jpg']	0	0	0	['enteric', 'facultyreview', 'gastrointestine', 'neurobiology', 'openaccess']	[]	https://twitter.com/Facultyopinions/status/1511322783275438087	False		1	https://pbs.twimg.com/media/FPlMD6uWUAkGi_n.jpg							[]				
1511282551859691521	1511282551859691521	2022-04-05 03:00:13 PDT	2022-04-05	03:00:13	-0700	250014138	idw_online_en	Informationsdienst Wissenschaft - News		Local motion detectors in fruit flies sense complex patterns generated by their own motion - Researchers  @uni_mainz_eng have discovered that direction-selective cells can distinguish six types of global motion patterns // #neurobiology #Drosophila  https://t.co/EA4L57B9pv	en	[{'screen_name': 'uni_mainz_eng', 'name': 'mainz university', 'id': '111398708'}]	['https://idwf.de/-DBN3AC']	[]	0	0	0	['neurobiology', 'drosophila']	[]	https://twitter.com/idw_online_en/status/1511282551859691521	False		0								[]				
1511261108945960965	1511261108945960965	2022-04-05 01:35:00 PDT	2022-04-05	01:35:00	-0700	111398708	uni_mainz_eng	Mainz University		Local motion detectors in fruit flies sense complex patterns generated by their own motion - Researchers @uni_mainz have discovered that direction-selective cells can distinguish six types of global motion patterns  https://t.co/MCoCivOAI6  #neurobiology #Drosophila  https://t.co/2FHuQe5hRB	en	[{'screen_name': 'uni_mainz', 'name': 'universit√§t mainz', 'id': '91555931'}]	['https://www.uni-mainz.de/presse/aktuell/14979_ENG_HTML.php']	['https://pbs.twimg.com/media/FPkT-FsXIAMQ9dJ.jpg']	0	1	1	['neurobiology', 'drosophila']	[]	https://twitter.com/uni_mainz_eng/status/1511261108945960965	False		1	https://pbs.twimg.com/media/FPkT-FsXIAMQ9dJ.jpg							[]				
1511237200087707649	1511237200087707649	2022-04-05 00:00:00 PDT	2022-04-05	00:00:00	-0700	1227705415745536001	alumnisissa	SISSA Alumni Society		Our Alumni Stories continue with an interview with Anujaianthi Kuzhandaivel.  ‚û°Ô∏è  https://t.co/XeBIXW3zNn  Anujaianthi discussed her #PhD thesis in #Neurobiology at #SISSA in 2011 and currently works in the #privatesector in the USA.  #alumni #stories  @Sissaschool @MCS_Sissa  https://t.co/y9XLqQZOci	en	[{'screen_name': 'sissaschool', 'name': 'sissa', 'id': '524354854'}, {'screen_name': 'mcs_sissa', 'name': 'mcs sissa', 'id': '811132399161589760'}]	['https://alumni.sissa.it/anujaianthi-kuzhandaivel/']	['https://pbs.twimg.com/media/FPiZ31DXsAUwehh.jpg']	0	1	7	['phd', 'neurobiology', 'sissa', 'privatesector', 'alumni', 'stories']	[]	https://twitter.com/AlumniSissa/status/1511237200087707649	False		1	https://pbs.twimg.com/media/FPiZ31DXsAUwehh.jpg							[]				
1511230823218917380	1511230823218917380	2022-04-04 23:34:40 PDT	2022-04-04	23:34:40	-0700	1127986998411706368	probiologist	ProBiologists		"A Case Report  on ""I‚Äôm Feeling Blue‚Äù: #Depression as a presenting symptom of Normal Pressure #Hydrocephalus"" by Dr. Varkey TC et al. from  Grand Canyon University @gcu Published in Journal of #Neurobiology and Physiology read more by :  https://t.co/zxbu7YxuCl"	en	[{'screen_name': 'gcu', 'name': 'grand canyon u', 'id': '15853191'}]	['https://doi.org/10.46439/neurobiology.3.014']	[]	0	0	0	['depression', 'hydrocephalus', 'neurobiology']	[]	https://twitter.com/ProBiologist/status/1511230823218917380	False		0								[]				
1511148977844072456	1511148977844072456	2022-04-04 18:09:26 PDT	2022-04-04	18:09:26	-0700	116074310	shayseaborne	Shay Seaborne, CPTSD		"Nice ""Healthy Mind Platter"" worksheet. #MentalHealth #health #Neurobiology #DrDanSiegel #TraumaAwareAmerica"	en	[]	[]	[]	0	2	0	['mentalhealth', 'health', 'neurobiology', 'drdansiegel', 'traumaawareamerica']	[]	https://twitter.com/ShaySeaborne/status/1511148977844072456	False	https://twitter.com/sd43bc/status/1257375714040516610	0								[]				
1511114395899744257	1511114395899744257	2022-04-04 15:52:01 PDT	2022-04-04	15:52:01	-0700	15019659	cedarbaypsych	Barbara Smith		We all need #play, adults too. #Creativity &amp; play aid in learning &amp; wellness. #neurobiology  https://t.co/rct5Osc3Kc	en	[]	['https://wellnessmama.com/404978/benefits-play/']	[]	0	0	0	['play', 'creativity', 'neurobiology']	[]	https://twitter.com/CedarBayPsych/status/1511114395899744257	False		0								[]				
1511098684406067204	1511098630475706371	2022-04-04 14:49:35 PDT	2022-04-04	14:49:35	-0700	83996976	invertigodance	Invertigo Dance		Have you ever wondered what happens to your brain while you dream? Come, ask questions, and discover more through our project The Dream Eaters!  4/7/ @ 7PM on Zoom RSVP -  https://t.co/8fmGLl8jVn #invertigodance #TheDreamEaters #MayankRMehta #UCLA #Physics #Neurobiology #VR  https://t.co/7UIJz3PqKN	en	[]	['https://bit.ly/3tkTGGT']	[]	0	0	1	['invertigodance', 'thedreameaters', 'mayankrmehta', 'ucla', 'physics', 'neurobiology', 'vr']	[]	https://twitter.com/invertigodance/status/1511098684406067204	False		1	https://pbs.twimg.com/ext_tw_video_thumb/1511098127045955587/pu/img/uaE8PBuhal8JJh0R.jpg							[]				
1511036561806213130	1511036561806213130	2022-04-04 10:42:44 PDT	2022-04-04	10:42:44	-0700	456108607	uniluebeck	Universit√§t L√ºbeck		Wissenschaftlerinnen der @UniLuebeck decken auf: Handystrahlung beeinflusst Gehirnstoffwechsel und steigert den Appetit.  https://t.co/nIeRToH5EA  #research #neurobiology #obesity #radiation	de	[{'screen_name': 'uniluebeck', 'name': 'universit√§t l√ºbeck', 'id': '456108607'}]	['https://www.uni-luebeck.de/forschung/aktuelles-zur-forschung/aktuelles-zur-forschung/artikel/einfluss-von-handystrahlung-auf-die-nahrungsaufnahme-nachgewiesen.html']	[]	0	0	4	['research', 'neurobiology', 'obesity', 'radiation']	[]	https://twitter.com/UniLuebeck/status/1511036561806213130	False		0								[]				
1511024893617451012	1511024893617451012	2022-04-04 09:56:22 PDT	2022-04-04	09:56:22	-0700	768896358631608321	somatic_exp_int	Somatic_Exp		May 5, 2022- Link to register in profile @somaticexperiencingint  Register here:  https://t.co/dF0yh44ZdF   #somaticexperiencing #neurobiology #nervoussystem #mentalhealth #professionaldevelopment #continuingeducation #research #community #webinar #traumawork  #therapists #FND  https://t.co/g8urUQkB5v	en	[]	['https://traumahealing.org/FNDWebinarMay2022']	['https://pbs.twimg.com/media/FPg9IhwWYAAGcY0.jpg']	0	0	4	['somaticexperiencing', 'neurobiology', 'nervoussystem', 'mentalhealth', 'professionaldevelopment', 'continuingeducation', 'research', 'community', 'webinar', 'traumawork', 'therapists', 'fnd']	[]	https://twitter.com/Somatic_Exp_Int/status/1511024893617451012	False		1	https://pbs.twimg.com/media/FPg9IhwWYAAGcY0.jpg							[]				
1510958011992453122	1510958011992453122	2022-04-04 05:30:36 PDT	2022-04-04	05:30:36	-0700	250014138	idw_online_en	Informationsdienst Wissenschaft - News		#Neurobiologist Marion Silies of @uni_mainz_eng receives an #ERCConsolidatorGrant for her #research on adaptive properties and functions of visual systems of #insects //  @ERC_Research #ERCCoG #neurobiology #biology @marion_silies  https://t.co/dpdZNNHqTc	en	[{'screen_name': 'uni_mainz_eng', 'name': 'mainz university', 'id': '111398708'}, {'screen_name': 'erc_research', 'name': 'european research council (erc)', 'id': '467551928'}, {'screen_name': 'marion_silies', 'name': 'marion silies', 'id': '843076085596262400'}]	['https://idwf.de/-DBM1AC']	[]	0	1	1	['neurobiologist', 'ercconsolidatorgrant', 'research', 'insects', 'erccog', 'neurobiology', 'biology']	[]	https://twitter.com/idw_online_en/status/1510958011992453122	False		0								[]				
1510951571651280898	1510951571651280898	2022-04-04 05:05:01 PDT	2022-04-04	05:05:01	-0700	111398708	uni_mainz_eng	Mainz University		#Neurobiologist Marion Silies of #UniMainz receives @ERC_Research funding for her #research on adaptive properties and functions of visual systems of #insects  https://t.co/y9WZpwVqli #ERCCoG #ERCConsolidatorGrant #neurobiology #biology  https://t.co/c6Va7vhW9S	en	[{'screen_name': 'erc_research', 'name': 'european research council (erc)', 'id': '467551928'}]	['https://www.uni-mainz.de/presse/aktuell/15270_ENG_HTML.php']	['https://pbs.twimg.com/media/FPf6ck_XoAkpSSJ.jpg']	0	0	2	['neurobiologist', 'unimainz', 'research', 'insects', 'erccog', 'ercconsolidatorgrant', 'neurobiology', 'biology']	[]	https://twitter.com/uni_mainz_eng/status/1510951571651280898	False		1	https://pbs.twimg.com/media/FPf6ck_XoAkpSSJ.jpg							[]				
1510552791214874632	1510552791214874632	2022-04-03 02:40:24 PDT	2022-04-03	02:40:24	-0700	144849404	sustainhistory	Nayef Al-Rodhan		Our #Brain as a #TimeMachine and Other Unsolved Questions About the Many-Faceted Mystery of #Time   The #Neurobiology &amp; #Emotions of #TimePerception,   and the role of #memory in #anticipation   https://t.co/znsYSCpH65 via @neurosciencenew	en	[{'screen_name': 'neurosciencenew', 'name': 'neuroscience news', 'id': '32302688'}]	['https://neurosciencenews.com/time-brain-20288/']	[]	0	4	11	['brain', 'timemachine', 'time', 'neurobiology', 'emotions', 'timeperception', 'memory', 'anticipation']	[]	https://twitter.com/SustainHistory/status/1510552791214874632	False		0								[]				
1510284222484946947	1510284222484946947	2022-04-02 08:53:13 PDT	2022-04-02	08:53:13	-0700	1004913473208406019	micromindy	Mindy Engevik		I love the title ‚ÄúUnexpected Detours and discoveries‚Äù- Dr. Charleen Chu is showing work on stress and ERK in neurons in Parkinson‚Äôs disease @ASIPath #ASIPatEB #EB2022 #autophagy #oxidativestress #neurobiology  https://t.co/9cJsEfOhew	en	[{'screen_name': 'asipath', 'name': 'asip american society investigative pathology', 'id': '69589591'}]	[]	['https://pbs.twimg.com/tweet_video_thumb/FPWbfPeXMAYYb3-.jpg']	0	0	0	['asipateb', 'eb2022', 'autophagy', 'oxidativestress', 'neurobiology']	[]	https://twitter.com/MicroMindy/status/1510284222484946947	False		1	https://pbs.twimg.com/tweet_video_thumb/FPWbfPeXMAYYb3-.jpg							[]				
1510158621887324160	1510158621887324160	2022-04-02 00:34:07 PDT	2022-04-02	00:34:07	-0700	1360644582	praetorian27	"Maximilien ""Mjolnir tosser"" Guerrero"		I've seen Robocop 2 and this doesn't end well. #neurobiology #brains #HMI #science	en	[]	[]	[]	0	0	0	['neurobiology', 'brains', 'hmi', 'science']	[]	https://twitter.com/Praetorian27/status/1510158621887324160	False	https://twitter.com/Mad_Lancaster/status/1509984372686004227	0								[]				
1509916369588006923	1509916369588006923	2022-04-01 08:31:30 PDT	2022-04-01	08:31:30	-0700	714198742639837185	doug_bremner	Doug Bremner		Traumatic stress: effects on the brain - our article summarizing our #research on #PTSD #brain #neurobiology  https://t.co/O8HQIoxJvx	en	[]	['https://www.tandfonline.com/doi/full/10.31887/DCNS.2006.8.4/jbremner#.YkcaswjC22o.twitter']	[]	0	0	1	['research', 'ptsd', 'brain', 'neurobiology']	[]	https://twitter.com/doug_bremner/status/1509916369588006923	False		0								[]				
1509879091423760389	1509879091423760389	2022-04-01 06:03:22 PDT	2022-04-01	06:03:22	-0700	78001994	allentien	Allen Y. Tien MD MHS Áî∞‰∏ÄÂΩ¶		#Mindfulness so important: modulating #neurobiology of love; understanding political rhetoric and #voting choice; implementing #philosophy  https://t.co/1Guq6Ueu4a #SharedFacts	en	[]	[]	['https://pbs.twimg.com/media/EHhl-MuXkAACMrl.jpg']	0	0	2	['mindfulness', 'neurobiology', 'voting', 'philosophy', 'sharedfacts']	[]	https://twitter.com/allentien/status/1509879091423760389	False		1	https://pbs.twimg.com/media/EHhl-MuXkAACMrl.jpg							[]				
1509836257383395332	1509836257383395332	2022-04-01 03:13:09 PDT	2022-04-01	03:13:09	-0700	1187594390228873216	biotechbu	Biotechnology_at_Bennett		#GuestLecture #Neurobiology We are honored to host Dr. Gopal Pramanik, PDF from the Department of Medicine, Stanford University, CA, USA for visiting Dept. of Biotech, BU and giving a research talk. He obtained his PhD from Graduate University for Advanced Studies, Japan.  https://t.co/0OHagNZIKq	en	[]	[]	['https://pbs.twimg.com/media/FPQECu3XwAAnUtI.jpg']	0	0	1	['guestlecture', 'neurobiology']	[]	https://twitter.com/BiotechBu/status/1509836257383395332	False		1	https://pbs.twimg.com/media/FPQECu3XwAAnUtI.jpg							[]				
1509784550318219264	1509784550318219264	2022-03-31 23:47:41 PDT	2022-03-31	23:47:41	-0700	890127906512535552	fmiscience	FMI science		üö®Only a few weeks left to apply to our #PhD and MD-PhD programs! We offer fully funded positions to investigate #neurobiology, #genome regulation and multicellular organisms.  Please share!  #phdpositions #AcademicChatter #AcademicTwitter	en	[]	[]	[]	0	9	4	['phd', 'neurobiology', 'genome', 'phdpositions', 'academicchatter', 'academictwitter']	[]	https://twitter.com/FMIscience/status/1509784550318219264	False	https://twitter.com/FMIscience/status/1498566275563413504	0								[]				
1509706546573365254	1509706546573365254	2022-03-31 18:37:44 PDT	2022-03-31	18:37:44	-0700	113498828	jzhangcad	Jing Zhang, PhD		Thursday evening read. #AI #neurobiology  https://t.co/MMPKlErp4E	en	[]	['https://www.nature.com/articles/s41565-022-01095-3?fbclid=IwAR37EbnTriUeqaQWSV-a6MUhtI7XrClB5RHk_VYg3mThpbl2HJD5_hn3iBk']	[]	0	0	0	['ai', 'neurobiology']	[]	https://twitter.com/jzhangcad/status/1509706546573365254	False		0								[]				
1509641440355311628	1494066701754933254	2022-03-31 14:19:01 PDT	2022-03-31	14:19:01	-0700	1270672902	els_psychiatry	Elsevier Psychiatry		Inflammatory biomarkers in #schizophrenia: Implications for heterogeneity and #neurobiology - Part of a Most Read Article Collection and Call for Papers from Biomarkers in Neuropsychiatry:  https://t.co/qo8apZxYDo  https://t.co/eBCbS36qLK	en	[]	['http://spkl.io/60154uX3x']	['https://pbs.twimg.com/media/FPNS42sXsAMKcbR.jpg']	1	1	6	['schizophrenia', 'neurobiology']	[]	https://twitter.com/els_psychiatry/status/1509641440355311628	False		1	https://pbs.twimg.com/media/FPNS42sXsAMKcbR.jpg							[]				
1509619883516043274	1509619883516043274	2022-03-31 12:53:22 PDT	2022-03-31	12:53:22	-0700	1032858055250046976	aimbiotech	AIM Biotech		AIM #IdenTx plates make it easy to adapt your #immunooncology, #cancer, #vascularization and #neurobiology assays to the #organonachip format. Check out this video from our Protocol Series to see how easy it is to fill the media channels with any culture media your assays need.  https://t.co/HKWBae0h6n	en	[]	[]	[]	0	0	1	['identx', 'immunooncology', 'cancer', 'vascularization', 'neurobiology', 'organonachip']	[]	https://twitter.com/AIMBiotech/status/1509619883516043274	False		1	https://pbs.twimg.com/ext_tw_video_thumb/1509619542938591237/pu/img/xa7HSF6ovqdXt5gl.jpg							[]				
1509539764139020291	1509539764139020291	2022-03-31 07:35:00 PDT	2022-03-31	07:35:00	-0700	24677217	wwu_muenster	Universit√§t M√ºnster		"Fruit flies with a new variant of a ""clock gene"" are spreading northwards. A team led by neurobiologists Ralf Stanewsky (@stani_bmg) and Ang√©lique Lamaze has now found an explanation for this phenomenon. #neurobiology  https://t.co/ltQRhnzkgy &amp;  https://t.co/HayLuFh2ls"	en	[{'screen_name': 'stani_bmg', 'name': 'ralf stanewsky', 'id': '701765051422793728'}]	['http://doi.org/10.1038/s41467-022-29293-6', 'https://www.uni-muenster.de/news/view.php?cmdid=12473']	[]	0	0	3	['neurobiology']	[]	https://twitter.com/WWU_Muenster/status/1509539764139020291	False		0								[]				
1509512125349253122	1509512125349253122	2022-03-31 05:45:10 PDT	2022-03-31	05:45:10	-0700	1283835538223632387	drummondsci	Drummond Scientific Company		Well, that‚Äôs one way to explain it. #theflash #neurobiology	en	[]	[]	[]	0	0	1	['theflash', 'neurobiology']	[]	https://twitter.com/drummondsci/status/1509512125349253122	False	https://twitter.com/DNA_RNA_Uni/status/1509505991641030663	0								[]				
1509505991641030663	1509505991641030663	2022-03-31 05:20:48 PDT	2022-03-31	05:20:48	-0700	944657395363479552	dna_rna_uni	DNA&RNA Universe Ó®Ä		üß† #neurobiology #neurons  https://t.co/nw6ep0Rf9j	und	[]	[]	[]	0	0	18	['neurobiology', 'neurons']	[]	https://twitter.com/DNA_RNA_Uni/status/1509505991641030663	False		1	https://pbs.twimg.com/ext_tw_video_thumb/1509505797172219905/pu/img/2znhP00u23AIOGHC.jpg							[]				
1509466744112685066	1509466744112685066	2022-03-31 02:44:50 PDT	2022-03-31	02:44:50	-0700	514852482	grahammusic1	graham music		helps challenge simplistic theories of the #brain. Beyond Amygdala: Researchers Unearth a New Pathway to Fear #trauma #neurobiology  https://t.co/5BcIQ8PqB4	en	[]	['https://www.psychologytoday.com/us/blog/the-athletes-way/202203/beyond-amygdala-researchers-unearth-new-pathway-fear']	[]	0	1	6	['brain', 'trauma', 'neurobiology']	[]	https://twitter.com/grahammusic1/status/1509466744112685066	False		0								[]				
1509288260387827712	1509288260387827712	2022-03-30 14:55:37 PDT	2022-03-30	14:55:37	-0700	3660277692	cpardo2015	Chris Pardo		How can global mobility be more aligned with our neurobiology? (via Passle) by @cpardo2015  https://t.co/CrFbYrttDv #davidrock #jonharman #scarfmodel #neurobiology #status #certainty #autonomy #relatedness #fairness #control #choice #unique #agile #flexible #neuroscience #brain	en	[{'screen_name': 'cpardo2015', 'name': 'chris pardo', 'id': '3660277692'}]	['https://www.topics.plusrelocation.com/post/102ha97/how-can-global-mobility-be-more-aligned-with-our-neurobiology']	[]	0	1	0	['davidrock', 'jonharman', 'scarfmodel', 'neurobiology', 'status', 'certainty', 'autonomy', 'relatedness', 'fairness', 'control', 'choice', 'unique', 'agile', 'flexible', 'neuroscience', 'brain']	[]	https://twitter.com/cpardo2015/status/1509288260387827712	False		0								[]				
1509162697098772485	1509162697098772485	2022-03-30 06:36:40 PDT	2022-03-30	06:36:40	-0700	420574055	eventswcs	Wellcome Connecting Science Courses & Conferences		Working on molecular research at single cell resolution?  ‚è∞ Submit an abstract to #SingleCell Biology by 5 April! #SCB22 üì©  https://t.co/KScaTU2PgI  Advance #immunology, #neurobiology, development and #disease, by expanding on current biological understanding. #AcademicChatter  https://t.co/HEotUQ1PQe	en	[]	['http://bit.ly/3pMrDPN']	['https://pbs.twimg.com/media/FPGeAk6XwAkQqZJ.jpg']	0	5	5	['singlecell', 'scb22', 'immunology', 'neurobiology', 'disease', 'academicchatter']	[]	https://twitter.com/eventsWCS/status/1509162697098772485	False		1	https://pbs.twimg.com/media/FPGeAk6XwAkQqZJ.jpg							[]				
1509133953420214274	1509133953420214274	2022-03-30 04:42:27 PDT	2022-03-30	04:42:27	-0700	1359117888960008197	cocoonkids4to16	Cocoon Kids Creative Counselling and Therapy 4-16y		Great explanation! üåü #children #youngpeople #family #families #emotionalhealth #mentalhealth #MentalHealthAwareness #behaviour #EmotionalIntelligence #neuroscience #neurobiology #schools	en	[]	[]	[]	0	1	2	['children', 'youngpeople', 'family', 'families', 'emotionalhealth', 'mentalhealth', 'mentalhealthawareness', 'behaviour', 'emotionalintelligence', 'neuroscience', 'neurobiology', 'schools']	[]	https://twitter.com/CocoonKids4to16/status/1509133953420214274	False	https://twitter.com/gerrydiamond71/status/1508857044572512256	0								[]				
1508864466833887249	1508864466833887249	2022-03-29 10:51:36 PDT	2022-03-29	10:51:36	-0700	4853969883	bluemanifold	Felix Hovsepian		Lex Fridman conducted a wonderful interview with John Hopfield called, #Physics View of the #mind &amp; #neurobiology    Prof. Hopfield makes a number of very deep (and insighful) remarks at the point in the video,  https://t.co/IJmdTvi2qx   For me, this is wh‚Ä¶ https://t.co/VOoSzs4dJj	en	[]	['https://lnkd.in/d4W3t_sq', 'https://lnkd.in/dRAEDSAZ']	[]	0	1	2	['physics', 'mind', 'neurobiology']	[]	https://twitter.com/BlueManifold/status/1508864466833887249	False		0								[]				
1508852065149333504	1508852065149333504	2022-03-29 10:02:20 PDT	2022-03-29	10:02:20	-0700	30064358	keystonesymp	Keystone Symposia		Only 1 week left for DISCOUNTED early registration to joint meetings on #Neurodegeneration &amp; #Neuroimmune interactions. Discount deadline April 5   Meet with field leaders to explore #neurobiology &amp; #immunity with insight into novel treatment strategies.   https://t.co/AIUWtUfpUZ  https://t.co/lqdhUsJIcw	en	[]	['https://hubs.la/Q016Vfs80']	['https://pbs.twimg.com/media/FPCE9TNWQAgwIs2.jpg']	0	0	0	['neurodegeneration', 'neuroimmune', 'neurobiology', 'immunity']	[]	https://twitter.com/KeystoneSymp/status/1508852065149333504	False		1	https://pbs.twimg.com/media/FPCE9TNWQAgwIs2.jpg							[]				
1508836917504360454	1508836917504360454	2022-03-29 09:02:08 PDT	2022-03-29	09:02:08	-0700	1431358196493529088	carolinezonder1	Caroline Zondervan		Whats the key ingredient of making someone feel safe? #neurobiology   https://t.co/V24ueWc7J9	en	[]	['https://hbr.org/2017/08/high-performing-teams-need-psychological-safety-heres-how-to-create-it']	[]	1	0	0	['neurobiology']	[]	https://twitter.com/CarolineZonder1/status/1508836917504360454	False		0								[]				
1508813790237892608	1508813790237892608	2022-03-29 07:30:14 PDT	2022-03-29	07:30:14	-0700	710201390325481473	gatechotl	Georgia Tech Office of Technology Licensing		FEATURED RESEARCHER: Dr. Hang Lu‚Äôs research at the interface of engineering and biology has the potential to advance microfluidic systems, lab-on-a-chip, #neurobiology, and #cancer therapy.  https://t.co/MjNYBQ9fPA @GTChBE @GTResearchNews  https://t.co/2ERTRuFVrt	en	[{'screen_name': 'gtchbe', 'name': 'chbe @ georgia tech', 'id': '68820080'}, {'screen_name': 'gtresearchnews', 'name': 'georgia tech research', 'id': '29573069'}]	['https://b.gatech.edu/3vCdxkD']	['https://pbs.twimg.com/media/FPBiJXFXwAQyLmz.jpg']	0	4	3	['neurobiology', 'cancer']	[]	https://twitter.com/GaTechOTL/status/1508813790237892608	False		1	https://pbs.twimg.com/media/FPBiJXFXwAQyLmz.jpg							[]				
1508793996038004743	1508793996038004743	2022-03-29 06:11:35 PDT	2022-03-29	06:11:35	-0700	1255058520610914304	convocof	Convoco! Foundation		Professor Martin Korte, neurobiologist and head of the Zoological Institute at @tuBraunschweig, in our new C! #Podcast ‚ÄúHow much #equality of opportunity and #autonomy do we have from the perspective of #neurobiology?‚Äù.  https://t.co/5RCx9gEYTk  https://t.co/T5qfpCb58F	en	[{'screen_name': 'tubraunschweig', 'name': 'tu braunschweig', 'id': '29653515'}]	['https://lnkd.in/eeUt2cXV']	['https://pbs.twimg.com/media/FPBPvWaWQA0QfFt.jpg']	0	0	0	['podcast', 'equality', 'autonomy', 'neurobiology']	[]	https://twitter.com/ConvocoF/status/1508793996038004743	False		1	https://pbs.twimg.com/media/FPBPvWaWQA0QfFt.jpg							[]				
1508700869784702977	1508700869784702977	2022-03-29 00:01:32 PDT	2022-03-29	00:01:32	-0700	890127906512535552	fmiscience	FMI science		üèÜWorth US$25,000, the @Eppendorf_Group &amp; @ScienceMagazine Prize for #Neurobiology is awarded annually to one young scientist for the most outstanding neurobiological research conducted during the past 3 years. üìÖDeadline for entry: June 15, 2022 More at:  https://t.co/O8n72wSPlY	en	[{'screen_name': 'eppendorf_group', 'name': 'eppendorf', 'id': '75015382'}, {'screen_name': 'sciencemagazine', 'name': 'science magazine', 'id': '32372834'}]	['https://corporate.eppendorf.com/de/company/scientific-awards/global-award/']	[]	0	0	2	['neurobiology']	[]	https://twitter.com/FMIscience/status/1508700869784702977	False		0								[]				
1508686103913844736	1508686103913844736	2022-03-28 23:02:51 PDT	2022-03-28	23:02:51	-0700	1209732749357019136	lidsen_publish	LIDSEN Publishing		#LIDSEN #OBMNeurobiology  üìóEmerging Concepts in Nucleoside Analogs as Novel Chemotherapeutic Agents to Treat Cancer üîó https://t.co/Zb3NJ6ZBXY  üìíNeuroprotection, Neuroregeneration and Neuroplasticity üîó https://t.co/nBAvMZRK5b  #Nucleoside #Neurobiology	en	[]	['http://www.lidsen.com/journals/neurobiology/neurobiology-special-issues/emerging-concepts-nucleoside-analogs-novel-chemotherapeutic-agents-treat-cancer', 'http://www.lidsen.com/journals/neurobiology/neurobiology-special-issues/neuroregen-neuroplast']	[]	0	0	0	['lidsen', 'obmneurobiology', 'nucleoside', 'neurobiology']	[]	https://twitter.com/LIDSEN_Publish/status/1508686103913844736	False		0								[]				
1508641944989184007	1508641944989184007	2022-03-28 20:07:23 PDT	2022-03-28	20:07:23	-0700	4671493207	pattlad	party		professor said ‚Äúif you don‚Äôt know anyone that‚Äôs been affected by some sort of brain disease, don‚Äôt worry you will soon‚Äù #neurobiology	en	[]	[]	[]	1	0	7	['neurobiology']	[]	https://twitter.com/pattlad/status/1508641944989184007	False		0								[]				
1508571416404316178	1508569607078129668	2022-03-28 15:27:08 PDT	2022-03-28	15:27:08	-0700	1412108472372633603	adhd2emb	Neurodiversified		While there is no single, accepted definition of executive functions (EFs), most experts agree that EFs are complex, and necessary for executing tasks in the service of accomplishing a goal.   https://t.co/QvGf0sahBT  #Neurodiversity #Neuroscience #Neurobiology #ADHDTwitter #ADHD	en	[]	['https://medium.com/preoccupy-negative-thoughts/how-executive-functions-matter-in-daily-living-bfdccc04162a']	[]	1	1	0	['neurodiversity', 'neuroscience', 'neurobiology', 'adhdtwitter', 'adhd']	[]	https://twitter.com/ADHD2eMB/status/1508571416404316178	False		0								[]				
1508570332021596162	1508569607078129668	2022-03-28 15:22:49 PDT	2022-03-28	15:22:49	-0700	1412108472372633603	adhd2emb	Neurodiversified		Has anyone found a system that actually works for you?   #AskADHD #ADHDAsk #ADHDTwitter #ExecutiveFunctions #ExecutiveFunctioning #Neurodivergent #Neurodiversity #Neuroscience #Neurobiology #ADHDBrain #ADHD #Autism #WritersLift #MediumWriter #MediumBlogger #MediumBlog #Psychology  https://t.co/8rQfr15y63	en	[]	[]	['https://pbs.twimg.com/media/FO-EtZlWUA0KdXm.jpg']	2	1	1	['askadhd', 'adhdask', 'adhdtwitter', 'executivefunctions', 'executivefunctioning', 'neurodivergent', 'neurodiversity', 'neuroscience', 'neurobiology', 'adhdbrain', 'adhd', 'autism', 'writerslift', 'mediumwriter', 'mediumblogger', 'mediumblog', 'psychology']	[]	https://twitter.com/ADHD2eMB/status/1508570332021596162	False		1	https://pbs.twimg.com/media/FO-EtZlWUA0KdXm.jpg							[]				
1508484930375929860	1508484914324385797	2022-03-28 09:43:28 PDT	2022-03-28	09:43:28	-0700	1395029746375970818	s_burmeister	Sabrina Burmeister		Differences in medial pallium (hippocampal) gene expression indicate that green-and-black poison frogs have greater neuronal recruitment, more synaptic plasticity, and higher neurosteroid production compared to t√∫ngara frogs. #neurobiology #frogs #cognition	en	[]	[]	[]	1	1	4	['neurobiology', 'frogs', 'cognition']	[]	https://twitter.com/S_Burmeister/status/1508484930375929860	False		0								[]				
1508465781469814793	1508465781469814793	2022-03-28 08:27:22 PDT	2022-03-28	08:27:22	-0700	1372906576177213443	imprs_cbp	IMPRS on Cellular Biophysics		Join the Gottschalk Group at @goetheuni for your #phd if you want to focus on #optogenetics method development or molecular, cellular, and behavioral #neurobiology. #Apply for the IMPRS on Cellular Biophysics by May 15! üëâ https://t.co/RIX94kC8tP @maxplanckpress #imprs #imprs_cbp  https://t.co/tHtyLOt2Te	en	[{'screen_name': 'goetheuni', 'name': 'goethe-universit√§t', 'id': '38180826'}, {'screen_name': 'maxplanckpress', 'name': 'max planck society', 'id': '205195655'}]	['https://imprs-cbp.mpg.de/47910/Call-for-Applications']	['https://pbs.twimg.com/media/FO8le_NXwAkXOXq.png', 'https://pbs.twimg.com/media/FO8lhyMXEAYQswC.jpg']	0	0	5	['phd', 'optogenetics', 'neurobiology', 'apply', 'imprs', 'imprs_cbp']	[]	https://twitter.com/imprs_cbp/status/1508465781469814793	False		1	https://pbs.twimg.com/media/FO8le_NXwAkXOXq.png							[]				
1508328464469876742	1508327427902255110	2022-03-27 23:21:43 PDT	2022-03-27	23:21:43	-0700	1297402873169444866	silencepossum	SilenceüåàPossum		" https://t.co/5xiOmY4WZr Be interesting to see how this information is applied to the ""connectivity theory"" of autism [e.g.  https://t.co/OM24ovZMlI] #neurobiology #research #autism"	en	[]	['https://journals.plos.org/plosbiology/article?id=10.1371/journal.pbio.3001575', 'https://www.frontiersin.org/articles/10.3389/fnhum.2022.774921/full']	[]	0	1	3	['neurobiology', 'research', 'autism']	[]	https://twitter.com/SilencePossum/status/1508328464469876742	False		0								[]				
1508325072251101184	1508325072251101184	2022-03-27 23:08:15 PDT	2022-03-27	23:08:15	-0700	1045765410795266048	cbehav	Centre for the Adv Study of Collective Behaviour		Job alertüì¢: Are you interested in research on self-organization during #honeybee colony defence? Then this #PhDposition is ideal for you:  https://t.co/RC6LrpDHUh Join us at the #CASCB! @UniKonstanz @ResearchGermany #neurobiology  https://t.co/DhqSt2yLQZ	en	[{'screen_name': 'unikonstanz', 'name': 'universit√§t konstanz', 'id': '160286320'}, {'screen_name': 'researchgermany', 'name': 'research in germany', 'id': '1001390960'}]	['https://www.ab.mpg.de/418496/nouvian']	['https://pbs.twimg.com/media/FO6fRYpXoAY0d11.jpg']	0	14	15	['honeybee', 'phdposition', 'cascb', 'neurobiology']	[]	https://twitter.com/CBehav/status/1508325072251101184	False		1	https://pbs.twimg.com/media/FO6fRYpXoAY0d11.jpg							[]				
1508003284577136640	1508003284577136640	2022-03-27 01:49:35 PDT	2022-03-27	01:49:35	-0700	1463775030	khan_iakhan08	Ibrahim Khan		üìö A Cure for Darkness by Alex Riley üìö #depression #psychiatry #neurobiology #cure #treatment #medicine #book #bookreview #bookrecommendation #mustread #ailment #casestudy   https://t.co/YIf0GleIZ9	en	[]	['https://www.nybooks.com/articles/2022/03/24/the-downward-slope-depression-alex-riley/?utm_medium=email&utm_campaign=NYR%20Online%2003-26-22%20Nijhuis&utm_content=NYR%20Online%2003-26-22%20Nijhuis+CID_62ad76ccc5bee18d3fa176b89dce9a8a&utm_source=Newsletter&utm_term=A%20Cure%20for%20Darkness']	[]	1	0	3	['depression', 'psychiatry', 'neurobiology', 'cure', 'treatment', 'medicine', 'book', 'bookreview', 'bookrecommendation', 'mustread', 'ailment', 'casestudy']	[]	https://twitter.com/khan_iakhan08/status/1508003284577136640	False		0								[]				
1507967348631916544	1507967348631916544	2022-03-26 23:26:47 PDT	2022-03-26	23:26:47	-0700	1255058520610914304	convocof	Convoco! Foundation		How much #equality of opportunity and #autonomy do we have from the perspective of #neurobiology? - In this C! #Podcast, Corinne M. Flick talks to Prof. Martin Korte, neurobiologist and head of the Zoological Institute at @tuBraunschweig.  https://t.co/5RCx9gEYTk  https://t.co/wmH7BZ4b0n	en	[{'screen_name': 'tubraunschweig', 'name': 'tu braunschweig', 'id': '29653515'}]	['https://lnkd.in/eeUt2cXV']	['https://pbs.twimg.com/media/FO1gRLUXoAApGXu.jpg']	0	0	1	['equality', 'autonomy', 'neurobiology', 'podcast']	[]	https://twitter.com/ConvocoF/status/1507967348631916544	False		1	https://pbs.twimg.com/media/FO1gRLUXoAApGXu.jpg							[]				
1507888132674498566	1507888132674498566	2022-03-26 18:12:00 PDT	2022-03-26	18:12:00	-0700	2332372341	neuroproteomics	Lab of Neuroproteomics		#Ukranian and #scientists of other nationalities feeling threatened: we welcome you at the @neuroproteomics to work on #proteomics, #metabolomics, and #neurobiology. Funding is via #FAPESP (link below).  Interested or know who may be?  REACH US OUT!!   https://t.co/cMbamEgwvC  https://t.co/cMONvkBzgN	en	[{'screen_name': 'neuroproteomics', 'name': 'lab of neuroproteomics', 'id': '2332372341'}]	['https://fapesp.br/15400/iniciativa-pesquisadores-em-risco']	['https://pbs.twimg.com/media/FO0YQs1XoA4UL74.jpg']	0	2	3	['ukranian', 'scientists', 'proteomics', 'metabolomics', 'neurobiology', 'fapesp']	[]	https://twitter.com/neuroproteomics/status/1507888132674498566	False		1	https://pbs.twimg.com/media/FO0YQs1XoA4UL74.jpg							[]				
1507646045651673089	1507646045651673089	2022-03-26 02:10:02 PDT	2022-03-26	02:10:02	-0700	20507623	rsocpublishing	Royal Society Publishing		Neuroscientist, Thomas Jessell, made pioneering discoveries in developmental #neurobiology, including that of the extracellular factors that induce distinct neuronal cell types and guide their connectivity. Read the new biographical memoir:  https://t.co/FoADEpiz0e #BioMems  https://t.co/B5unjWsRFc	en	[]	['http://ow.ly/3P2L50ImIP2']	['https://pbs.twimg.com/media/FOw8FvFXoAAKXsR.jpg']	0	0	2	['neurobiology', 'biomems']	[]	https://twitter.com/RSocPublishing/status/1507646045651673089	False		1	https://pbs.twimg.com/media/FOw8FvFXoAAKXsR.jpg							[]				
1507351375835013127	1507351375835013127	2022-03-25 06:39:07 PDT	2022-03-25	06:39:07	-0700	1058364586028605440	alessandracambi	AlessandraCambi		Last session at #DSCB2022 is about #neurobiology with Matthijs Verhage @vumc and Corette Wieringa @UniUtrecht  https://t.co/Arlcyx7UTN	en	[{'screen_name': 'vumc', 'name': 'vumc', 'id': '18724081'}, {'screen_name': 'uniutrecht', 'name': 'utrecht university', 'id': '33548291'}]	[]	['https://pbs.twimg.com/media/FOswFdmXEAcKn7F.jpg', 'https://pbs.twimg.com/media/FOswFdlWUAQWF7R.jpg']	0	0	1	['dscb2022', 'neurobiology']	[]	https://twitter.com/AlessandraCambi/status/1507351375835013127	False		1	https://pbs.twimg.com/media/FOswFdmXEAcKn7F.jpg							[]				
1507346026277052416	1507346026277052416	2022-03-25 06:17:52 PDT	2022-03-25	06:17:52	-0700	3436673915	relationalsp	Relational Spaces		9 days to go  - Graham Music @grahammusic1 in conversation - celebrating his new book: ‚ÄòRespark‚Äô ‚Äì Join us to find out more about the art of being a nervous-system 'whisperer' !  https://t.co/7HJPAGXQ52 #psychotherapy, #neurobiology, #psychoanalysis, #truama, #neglect, #ACEs	en	[{'screen_name': 'grahammusic1', 'name': 'graham music', 'id': '514852482'}]	['https://rooms.relationalspaces.co.uk/pluralogue-34-celebrating-graham-musics-new-book-respark/']	[]	0	0	0	['psychotherapy', 'neurobiology', 'psychoanalysis', 'truama', 'neglect', 'aces']	[]	https://twitter.com/RelationalSp/status/1507346026277052416	False		0								[]				
1507145095476248587	1507145095476248587	2022-03-24 16:59:26 PDT	2022-03-24	16:59:26	-0700	38151011	merjia_	Merjia		Anyone know of any myologists or kinesiologists on here? I have some questions I‚Äôd like to discuss. #sciencetwitter also possibly a neurobiologist. I have some queries that cover multiple disciplines. #myology #kinesiology #neurobiology #ologies	en	[]	[]	[]	1	0	0	['sciencetwitter', 'myology', 'kinesiology', 'neurobiology', 'ologies']	[]	https://twitter.com/Merjia_/status/1507145095476248587	False		0								[]				
1507071326002958351	1507071326002958351	2022-03-24 12:06:18 PDT	2022-03-24	12:06:18	-0700	1689320334	nwnoggin	N.W. Noggin		Interested in Research? üß†üî¨üòé  What I gained from my volunteer experience in a #neurobiology lab üëâüèº  https://t.co/gqoEItlbaN  NEW POST by undergraduate Tiarra Jacoby @Portland_State üòÉüëâüèº  https://t.co/PXtrjjuSYO  #interdisciplinary #neuroscience #epilepsy #research #outreach ‚ù§Ô∏è  https://t.co/Dp9irzd0OJ	en	[{'screen_name': 'portland_state', 'name': 'portland state university', 'id': '22589282'}]	['https://nwnoggin.org/what-is-research-like/', 'https://nwnoggin.org/2022/03/23/interested-in-research-heres-what-i-gained-from-my-volunteer-experience-in-a-neurobiology-lab/']	['https://pbs.twimg.com/media/FOoxYVoVUBQhN7D.jpg', 'https://pbs.twimg.com/media/FOoxYWXUcAE-6EW.jpg']	0	0	1	['neurobiology', 'interdisciplinary', 'neuroscience', 'epilepsy', 'research', 'outreach']	[]	https://twitter.com/NWNoggin/status/1507071326002958351	False		1	https://pbs.twimg.com/media/FOoxYVoVUBQhN7D.jpg							[]				
1506986188384751620	1506986188384751620	2022-03-24 06:28:00 PDT	2022-03-24	06:28:00	-0700	768896358631608321	somatic_exp_int	Somatic_Exp		#somaticexperiencing #ukraine #seukrainerelief #somaticexperiencinginternational #neurobiology #ptsd #cptsd  #somatics #psychology #traumahealing #trauma #traumainformed  #healingtrauma #nervoussystem  #mentalhealth #traumaeducation #community #traumawork #therapists  https://t.co/1pXp7gBpg7	und	[]	[]	['https://pbs.twimg.com/media/FOnj8-TXsAoLRxD.jpg']	0	1	7	['somaticexperiencing', 'ukraine', 'seukrainerelief', 'somaticexperiencinginternational', 'neurobiology', 'ptsd', 'cptsd', 'somatics', 'psychology', 'traumahealing', 'trauma', 'traumainformed', 'healingtrauma', 'nervoussystem', 'mentalhealth', 'traumaeducation', 'community', 'traumawork', 'therapists']	[]	https://twitter.com/Somatic_Exp_Int/status/1506986188384751620	False		1	https://pbs.twimg.com/media/FOnj8-TXsAoLRxD.jpg							[]				
1506945068883755010	1506945068883755010	2022-03-24 03:44:36 PDT	2022-03-24	03:44:36	-0700	117461923	a_mastrogiacomo	A. Mastrogiacomo		#Sleep or die! Apparently this is a general rule for animals. #neurobiology #neurochemistry #sleepdeprivation   https://t.co/RceA2fGkEM	en	[]	['https://www.quantamagazine.org/why-do-we-die-without-sleep-20220322/']	[]	0	0	0	['sleep', 'neurobiology', 'neurochemistry', 'sleepdeprivation']	[]	https://twitter.com/a_mastrogiacomo/status/1506945068883755010	False		0								[]				
1506935101577482241	1506935101577482241	2022-03-24 03:05:00 PDT	2022-03-24	03:05:00	-0700	2340304710	uglospsych	UGlos Psychology		Are you interested in #neurobiology or the #Psychology of dreams? Then, you mind find this lecture interesting!  https://t.co/ZNN6IGrcLR	en	[]	['https://twitter.com/AbertayUni/status/1496440063525326851']	[]	0	0	0	['neurobiology', 'psychology']	[]	https://twitter.com/uglospsych/status/1506935101577482241	False	https://twitter.com/AbertayUni/status/1496440063525326851	0								[]				
1506932550517899266	1506932550517899266	2022-03-24 02:54:52 PDT	2022-03-24	02:54:52	-0700	1399038871854321664	aku_bmi	AKU Brain & Mind Institute		There are new approaches to enhance #recovery of the arm and hand after a #stroke, including immersive games. Join us in this webinar and learn about the #neurobiology of this recovery in the context of animal models and humans.  Register here todayüëâ https://t.co/LF3kR3w2JQ  https://t.co/xqpMuQuNvh	en	[]	['https://bit.ly/3LbAjHE']	['https://pbs.twimg.com/media/FOmwnoXXwAMT6AP.jpg']	0	6	60	['recovery', 'stroke', 'neurobiology']	[]	https://twitter.com/AKU_BMI/status/1506932550517899266	False		1	https://pbs.twimg.com/media/FOmwnoXXwAMT6AP.jpg							[]				
1506925461070397441	1506925461070397441	2022-03-24 02:26:41 PDT	2022-03-24	02:26:41	-0700	2162389086	redolfativa	RedOlfativaEspa√±ola		One year #PostDoc position at @IRBLleida_Info  If you're interested in investigating the #neurobiology of #olfaction  using #insect models, apply here:  https://t.co/xdtKoOquvU Contact: cesar.gemeno@udl.cat  https://t.co/Hs1ixegFU9	en	[{'screen_name': 'irblleida_info', 'name': 'irblleida', 'id': '1455101204'}]	['https://tauler.seu.cat/pagDetall.do?idEdicte=350528&idens=14']	['https://pbs.twimg.com/media/FOmsjDJWYAYMLwo.jpg']	0	1	0	['postdoc', 'neurobiology', 'olfaction', 'insect']	[]	https://twitter.com/REDOLFATIVA/status/1506925461070397441	False		1	https://pbs.twimg.com/media/FOmsjDJWYAYMLwo.jpg							[]				
1506889047834128386	1506889047834128386	2022-03-24 00:02:00 PDT	2022-03-24	00:02:00	-0700	727843475656454144	thelinkcentreuk	The Link Centre		Join @TheLinkCentreUK for Relational Neuroscience: An Introduction to Interpersonal Neurobiology with Rebecca Davies PTSTA (P) - starting 17th May.   Book here:  https://t.co/O999qRI0qz  #therapistsconnect #neurobiology  https://t.co/G68919kGCR	en	[{'screen_name': 'thelinkcentreuk', 'name': 'the link centre', 'id': '727843475656454144'}]	['https://bit.ly/3qSVpAu']	['https://pbs.twimg.com/media/FOiCNAwX0AIl2we.jpg']	0	0	1	['therapistsconnect', 'neurobiology']	[]	https://twitter.com/TheLinkCentreUK/status/1506889047834128386	False		1	https://pbs.twimg.com/media/FOiCNAwX0AIl2we.jpg							[]				
1506889047679152129	1506889047679152129	2022-03-24 00:02:00 PDT	2022-03-24	00:02:00	-0700	82968593	leilanimitchel	Leilani Mitchell The Link Centre		Join @TheLinkCentreUK for Relational Neuroscience: An Introduction to Interpersonal Neurobiology with Rebecca Davies PTSTA (P) - starting 17th May.   Book here:  https://t.co/Ot7jwODias  #therapistsconnect #neurobiology  https://t.co/yuGN9nG1fe	en	[{'screen_name': 'thelinkcentreuk', 'name': 'the link centre', 'id': '727843475656454144'}]	['https://bit.ly/3qSVpAu']	['https://pbs.twimg.com/media/FOiCHNdXwAAuwZo.jpg']	0	2	0	['therapistsconnect', 'neurobiology']	[]	https://twitter.com/Leilanimitchel/status/1506889047679152129	False		1	https://pbs.twimg.com/media/FOiCHNdXwAAuwZo.jpg							[]				
1506637324188372996	1506637324188372996	2022-03-23 07:21:44 PDT	2022-03-23	07:21:44	-0700	1095112679772045312	charlotteguo5	Charlotte Guo		this will be a revolutionary dataset on #languagesciences #fmri #neurobiology #consciousness and #mentalhealth + many others!  film lovers we need you :)	en	[]	[]	[]	0	0	1	['languagesciences', 'fmri', 'neurobiology', 'consciousness', 'mentalhealth']	[]	https://twitter.com/CharlotteGuo5/status/1506637324188372996	False	https://twitter.com/PsychedelicUNIT/status/1504834078499131397	0								[]				
1506632605957038086	1506632605957038086	2022-03-23 07:02:59 PDT	2022-03-23	07:02:59	-0700	1076156554137628673	lmclinical	Clinical Lab Manager		ICYMI: Aligning with #BrainAwarenessWeek2022, a recent #Study used whole #Genome sequencing to examine #GeneticDiversity in the human #Brain. #Neurobiology  https://t.co/EuYpwv4q5a	en	[]	['https://bit.ly/3qjnIds']	[]	0	0	0	['brainawarenessweek2022', 'study', 'genome', 'geneticdiversity', 'brain', 'neurobiology']	[]	https://twitter.com/LMClinical/status/1506632605957038086	False		0								[]				
1506508393003036692	1506508393003036692	2022-03-22 22:49:25 PDT	2022-03-22	22:49:25	-0700	1090373262482190337	glidercell	GliderCell		The Awakened Brain: The Neurobiology of Spiritual Experience   https://t.co/qYw2samok9    #news #science #brain #BrainAwarenessWeek #reserach #experience #NEUROBIOLOGY #neuroscience #growth #biology #biological #psychological	en	[]	['https://bit.ly/361nL76']	[]	0	0	0	['news', 'science', 'brain', 'brainawarenessweek', 'reserach', 'experience', 'neurobiology', 'neuroscience', 'growth', 'biology', 'biological', 'psychological']	[]	https://twitter.com/GliderCell/status/1506508393003036692	False		0								[]				
1506348437083594755	1506348437083594755	2022-03-22 12:13:48 PDT	2022-03-22	12:13:48	-0700	3254314424	ucibiosci	UCI BioSci		We're excited to feature Miranda Chappel-Farley, a fourth year PhD candidate in the Department of #Neurobiology and Behavior as part of our #WomensHistoryMonth series. Learn more about Miranda and her passion for #neuroscience:  https://t.co/pYBjt1pNJE @mgchappelfarley  https://t.co/tALH8RJn8J	en	[{'screen_name': 'mgchappelfarley', 'name': 'miranda chappel-farley', 'id': '1137102341562175488'}]	['https://bit.ly/biosci_whm']	['https://pbs.twimg.com/media/FOefoTNVIAAss4k.jpg']	0	3	12	['neurobiology', 'womenshistorymonth', 'neuroscience']	[]	https://twitter.com/UCIBioSci/status/1506348437083594755	False		1	https://pbs.twimg.com/media/FOefoTNVIAAss4k.jpg							[]				
